{"stats":{"minecraft:mined":{"minecraft:jungle_leaves":2,"minecraft:crafting_table":3,"minecraft:grass_block":2,"minecraft:melon":15,"minecraft:jungle_log":11,"minecraft:furnace":2,"minecraft:birch_log":3,"minecraft:iron_ore":3,"minecraft:grass":62,"minecraft:oak_log":17,"minecraft:coal_ore":54,"minecraft:vine":2,"minecraft:cocoa":3,"minecraft:gravel":31,"minecraft:stone":59,"minecraft:oak_leaves":3,"minecraft:fern":17},"minecraft:killed":{"minecraft:pig":11,"minecraft:zombie_villager":1,"minecraft:spider":3,"minecraft:skeleton":3,"minecraft:sheep":7,"minecraft:zombie":11,"minecraft:chicken":7,"minecraft:cow":2},"minecraft:dropped":{"minecraft:rotten_flesh":9,"mmorpg:offhand/tome/iron":1,"minecraft:wooden_pickaxe":1},"minecraft:crafted":{"minecraft:cooked_beef":3,"minecraft:cooked_porkchop":20,"minecraft:crafting_table":1,"minecraft:wooden_pickaxe":1,"minecraft:furnace":1,"minecraft:stone_axe":1,"minecraft:cooked_mutton":10,"minecraft:air":0,"minecraft:jungle_planks":20,"minecraft:stick":20,"minecraft:iron_ingot":3,"minecraft:stone_pickaxe":1,"minecraft:wooden_axe":1},"minecraft:used":{"minecraft:stone_pickaxe":132,"minecraft:wooden_pickaxe":40,"minecraft:iron_sword":135,"minecraft:dirt":16,"minecraft:crafting_table":3,"minecraft:wooden_axe":54,"minecraft:stone_axe":1,"mmorpg:weapon/staff/wood":24,"minecraft:bow":1,"minecraft:furnace":2,"minecraft:cooked_beef":2},"minecraft:picked_up":{"minecraft:birch_log":3,"minecraft:cocoa_beans":6,"minecraft:crafting_table":3,"minecraft:feather":2,"minecraft:chicken":1,"minecraft:jungle_log":11,"minecraft:leather":3,"minecraft:flint":5,"minecraft:oak_log":17,"minecraft:dirt":16,"minecraft:string":2,"minecraft:bone":2,"minecraft:bow":2,"minecraft:wheat_seeds":11,"minecraft:beef":3,"minecraft:melon_slice":71,"mmorpg:offhand/tome/iron":3,"minecraft:iron_sword":4,"minecraft:furnace":1,"mmorpg:material/mining/0":1,"minecraft:stick":2,"minecraft:raw_iron":3,"minecraft:gravel":25,"minecraft:porkchop":22,"mmorpg:weapon/staff/wood":4,"minecraft:arrow":5,"minecraft:rotten_flesh":9,"minecraft:mutton":10,"minecraft:coal":100,"minecraft:white_wool":6,"minecraft:cobblestone":58},"minecraft:custom":{"minecraft:blood":0,"minecraft:interact_with_furnace":15,"minecraft:mob_kills":46,"minecraft:dexterity":0,"minecraft:intelligence":0,"minecraft:move_speed":0,"minecraft:interact_with_crafting_table":4,"minecraft:time_since_death":53760,"minecraft:climb_one_cm":274,"minecraft:levels_gained":1,"minecraft:mana":50,"minecraft:time_since_rest":53760,"minecraft:magic_shield":0,"minecraft:sprint_one_cm":109184,"minecraft:walk_one_cm":107964,"minecraft:damage_taken":944,"minecraft:damage_absorbed":827,"minecraft:drop":4,"minecraft:damage_dealt":3493,"minecraft:health":70,"minecraft:swim_one_cm":524,"minecraft:fly_one_cm":72726,"minecraft:play_time":53760,"minecraft:sneak_time":45,"minecraft:walk_under_water_one_cm":1739,"minecraft:jump":589,"minecraft:energy":50,"minecraft:walk_on_water_one_cm":1103,"minecraft:strength":0,"minecraft:total_world_time":53760,"minecraft:fall_one_cm":12861},"minecraft:broken":{"minecraft:stone_pickaxe":1,"minecraft:wooden_axe":1}},"DataVersion":3465}