{"stats":{"minecraft:mined":{"minecraft:jungle_leaves":2,"minecraft:crafting_table":1,"minecraft:grass":27,"minecraft:oak_log":17,"minecraft:vine":2,"minecraft:jungle_log":11,"minecraft:fern":10,"minecraft:oak_leaves":2},"minecraft:killed":{"minecraft:sheep":2,"minecraft:pig":3,"minecraft:cow":2},"minecraft:crafted":{"minecraft:crafting_table":1,"minecraft:stick":4,"minecraft:wooden_pickaxe":1,"minecraft:wooden_axe":1,"minecraft:jungle_planks":20},"minecraft:used":{"minecraft:wooden_axe":50,"minecraft:crafting_table":1},"minecraft:picked_up":{"minecraft:crafting_table":1,"minecraft:jungle_log":11,"minecraft:leather":3,"minecraft:porkchop":5,"minecraft:oak_log":17,"minecraft:wheat_seeds":3,"minecraft:beef":3,"minecraft:mutton":2,"minecraft:iron_sword":1,"minecraft:white_wool":2},"minecraft:custom":{"minecraft:time_since_rest":5760,"minecraft:blood":0,"minecraft:magic_shield":0,"minecraft:sprint_one_cm":15406,"minecraft:walk_one_cm":13868,"minecraft:mob_kills":7,"minecraft:dexterity":5,"minecraft:intelligence":7,"minecraft:damage_dealt":652,"minecraft:move_speed":0,"minecraft:health":110,"minecraft:interact_with_crafting_table":1,"minecraft:fly_one_cm":2944,"minecraft:play_time":5760,"minecraft:sneak_time":19,"minecraft:jump":25,"minecraft:energy":100,"minecraft:time_since_death":5760,"minecraft:strength":8,"minecraft:total_world_time":5760,"minecraft:fall_one_cm":418,"minecraft:mana":120}},"DataVersion":3465}