{"stats":{"minecraft:mined":{"minecraft:furnace":1,"minecraft:birch_log":3,"minecraft:iron_ore":3,"minecraft:jungle_leaves":2,"minecraft:crafting_table":3,"minecraft:grass":27,"minecraft:coal_ore":12,"minecraft:oak_log":17,"minecraft:cocoa":3,"minecraft:vine":2,"minecraft:jungle_log":11,"minecraft:gravel":31,"minecraft:stone":55,"minecraft:fern":10,"minecraft:oak_leaves":2},"minecraft:killed":{"minecraft:sheep":2,"minecraft:zombie":1,"minecraft:pig":3,"minecraft:zombie_villager":1,"minecraft:cow":2},"minecraft:crafted":{"minecraft:cooked_porkchop":5,"minecraft:crafting_table":1,"minecraft:stick":8,"minecraft:iron_ingot":3,"minecraft:wooden_pickaxe":1,"minecraft:stone_pickaxe":1,"minecraft:wooden_axe":1,"minecraft:furnace":1,"minecraft:stone_axe":1,"minecraft:cooked_mutton":2,"minecraft:air":0,"minecraft:jungle_planks":20,"minecraft:cooked_beef":3},"minecraft:used":{"minecraft:wooden_axe":54,"minecraft:stone_pickaxe":93,"minecraft:wooden_pickaxe":9,"minecraft:iron_sword":19,"minecraft:stone_axe":1,"minecraft:crafting_table":3,"minecraft:furnace":1,"minecraft:cooked_beef":1},"minecraft:picked_up":{"minecraft:raw_iron":3,"minecraft:stick":2,"minecraft:cocoa_beans":6,"minecraft:crafting_table":3,"minecraft:jungle_log":11,"minecraft:leather":3,"minecraft:gravel":25,"minecraft:porkchop":5,"minecraft:flint":5,"minecraft:oak_log":17,"minecraft:rotten_flesh":2,"minecraft:wheat_seeds":3,"minecraft:beef":3,"minecraft:birch_log":3,"minecraft:furnace":1,"minecraft:coal":20,"minecraft:mutton":2,"minecraft:iron_sword":1,"minecraft:white_wool":2,"minecraft:cobblestone":54},"minecraft:broken":{"minecraft:wooden_axe":1},"minecraft:custom":{"minecraft:time_since_rest":17760,"minecraft:blood":0,"minecraft:magic_shield":0,"minecraft:interact_with_furnace":9,"minecraft:sprint_one_cm":36811,"minecraft:damage_absorbed":78,"minecraft:damage_taken":82,"minecraft:walk_one_cm":41900,"minecraft:mob_kills":9,"minecraft:dexterity":5,"minecraft:intelligence":7,"minecraft:damage_dealt":1024,"minecraft:move_speed":0,"minecraft:health":110,"minecraft:swim_one_cm":524,"minecraft:interact_with_crafting_table":4,"minecraft:fly_one_cm":17360,"minecraft:play_time":17760,"minecraft:sneak_time":45,"minecraft:walk_under_water_one_cm":1739,"minecraft:jump":201,"minecraft:energy":100,"minecraft:walk_on_water_one_cm":1103,"minecraft:time_since_death":17760,"minecraft:strength":8,"minecraft:climb_one_cm":28,"minecraft:total_world_time":17760,"minecraft:fall_one_cm":4095,"minecraft:mana":120}},"DataVersion":3465}