{"stats":{"minecraft:killed_by":{"minecraft:zombie":3},"minecraft:mined":{"minecraft:grass":1},"minecraft:custom":{"minecraft:jump":62,"minecraft:time_since_rest":1627,"minecraft:damage_dealt":41,"minecraft:deaths":3,"minecraft:crouch_one_cm":168,"minecraft:leave_game":3,"minecraft:play_time":14165,"minecraft:sprint_one_cm":10067,"minecraft:damage_taken":750,"minecraft:time_since_death":0,"minecraft:walk_one_cm":9355,"minecraft:sneak_time":33,"minecraft:total_world_time":14165,"minecraft:fall_one_cm":1103,"minecraft:fly_one_cm":11319}},"DataVersion":3465}