{"stats":{"minecraft:mined":{"minecraft:jungle_leaves":2,"minecraft:crafting_table":3,"minecraft:melon":15,"minecraft:jungle_log":11,"minecraft:furnace":1,"minecraft:birch_log":3,"minecraft:iron_ore":3,"minecraft:grass":58,"minecraft:oak_log":17,"minecraft:coal_ore":43,"minecraft:vine":2,"minecraft:cocoa":3,"minecraft:gravel":31,"minecraft:stone":59,"minecraft:oak_leaves":3,"minecraft:fern":17},"minecraft:killed":{"minecraft:pig":11,"minecraft:zombie_villager":1,"minecraft:spider":3,"minecraft:skeleton":2,"minecraft:sheep":7,"minecraft:zombie":8,"minecraft:chicken":7,"minecraft:cow":2},"minecraft:dropped":{"minecraft:rotten_flesh":7,"mmorpg:offhand/tome/iron":1},"minecraft:crafted":{"minecraft:cooked_beef":3,"minecraft:cooked_porkchop":20,"minecraft:crafting_table":1,"minecraft:wooden_pickaxe":1,"minecraft:furnace":1,"minecraft:stone_axe":1,"minecraft:cooked_mutton":2,"minecraft:air":0,"minecraft:jungle_planks":20,"minecraft:stick":20,"minecraft:iron_ingot":3,"minecraft:stone_pickaxe":1,"minecraft:wooden_axe":1},"minecraft:used":{"minecraft:stone_pickaxe":119,"minecraft:wooden_pickaxe":40,"minecraft:iron_sword":135,"minecraft:crafting_table":3,"minecraft:wooden_axe":54,"minecraft:stone_axe":1,"mmorpg:weapon/staff/wood":22,"minecraft:furnace":2,"minecraft:cooked_beef":2},"minecraft:picked_up":{"minecraft:birch_log":3,"minecraft:cocoa_beans":6,"minecraft:crafting_table":3,"minecraft:feather":2,"minecraft:chicken":1,"minecraft:jungle_log":11,"minecraft:leather":3,"minecraft:flint":5,"minecraft:oak_log":17,"minecraft:dirt":15,"minecraft:string":2,"minecraft:bone":2,"minecraft:bow":1,"minecraft:wheat_seeds":11,"minecraft:beef":3,"minecraft:melon_slice":71,"mmorpg:offhand/tome/iron":2,"minecraft:iron_sword":2,"minecraft:furnace":1,"mmorpg:material/mining/0":1,"minecraft:stick":2,"minecraft:raw_iron":3,"minecraft:gravel":25,"minecraft:porkchop":22,"mmorpg:weapon/staff/wood":1,"minecraft:arrow":5,"minecraft:rotten_flesh":7,"minecraft:mutton":10,"minecraft:coal":51,"minecraft:white_wool":6,"minecraft:cobblestone":58},"minecraft:broken":{"minecraft:wooden_axe":1},"minecraft:custom":{"minecraft:blood":0,"minecraft:interact_with_furnace":14,"minecraft:mob_kills":42,"minecraft:dexterity":7,"minecraft:intelligence":8,"minecraft:move_speed":0,"minecraft:interact_with_crafting_table":4,"minecraft:time_since_death":41760,"minecraft:climb_one_cm":28,"minecraft:levels_gained":3,"minecraft:mana":150,"minecraft:time_since_rest":41760,"minecraft:magic_shield":5,"minecraft:sprint_one_cm":85167,"minecraft:walk_one_cm":96021,"minecraft:damage_taken":844,"minecraft:damage_absorbed":662,"minecraft:drop":2,"minecraft:damage_dealt":3430,"minecraft:health":150,"minecraft:swim_one_cm":524,"minecraft:fly_one_cm":47439,"minecraft:play_time":41760,"minecraft:sneak_time":45,"minecraft:walk_under_water_one_cm":1739,"minecraft:jump":447,"minecraft:energy":140,"minecraft:walk_on_water_one_cm":1103,"minecraft:strength":12,"minecraft:total_world_time":41760,"minecraft:fall_one_cm":9238}},"DataVersion":3465}